term,lr_chi2,df,p_value
age_spline,246.71440259058727,4,3.3213841891140803e-52
bmi_spline,901.0164547258246,4,1.0032945952052018e-193
