interaction,coef,OR,p
physical_act:C(female)[T.1],0.08255945936799781,1.0860632481535926,0.2769200636115703
physical_act:age,0.005698000984673247,1.005714265469293,0.11083590308381079
physical_act:bmi,0.028874614978909027,1.0292955281423024,2.735518707720224e-06
physical_act:C(income)[T.1],0.08734721404145361,1.0912755201288,0.36199827575241117
physical_act:C(income)[T.2],-0.06981392309041176,0.9325673330093659,0.49229568351347375
physical_act:C(income)[T.3],-0.18953771907814707,0.8273415097498469,0.1293854465667784
physical_act:C(raceeth)[T.1],0.24054534877024794,1.2719426135546854,0.009574722764981683
physical_act:C(raceeth)[T.2],-0.08195642509067137,0.9213121039130716,0.4460763068884074
physical_act:C(raceeth)[T.3],0.5017242875204773,1.6515665925834813,0.012101169721918227
