model,RMSE,MAE,R2
mlp,0.9440455509769593,0.7634153161555284,-0.18352656118678712
