model,0,1
unweighted_ebm,0.16249544307737684,-0.21601449809903983
ipw_weighted_ebm,0.1852538977150817,-0.18542724593387383
