model,RMSE,MAE,R2
gbm,1.0323654159194924,0.8747071943185906,-0.4153342092445431
