model,RMSE,MAE,R2
rf,0.8347038633581433,0.718940666455321,0.07475455346908666
