model,interval,coverage,mean_width
quant_median,q10-q90,0.6666666666666666,1.906268668507083
