model,RMSE,MAE,R2,coverage_q10_q90,mean_interval_width_q10_q90
quant_median,0.8812375274752359,0.7392827414832871,-0.03128351545733832,0.6666666666666666,1.9062686685070829
