model,quantile,pinball_loss
quant,0.1,0.16631246140360537
quant,0.5,0.36964137074164355
quant,0.75,0.2774889619290449
quant,0.9,0.15708579618575927
