model,RMSE,MAE,R2
ebm,0.828504375256162,0.714857196219129,0.0884474260760848
